{"cameraMode":{"drawMode":0,"name":"Shaded","section":"Shading Mode"},"sceneLighting":false,"audioPlay":false,"sceneViewState":{"showFog":true,"showMaterialUpdate":false,"showSkybox":false,"showFlares":true,"showImageEffects":true,"showParticleSystems":true},"in2DMode":false,"pivot":{"x":6.933666229248047,"y":-0.9267888069152832,"z":3.870591640472412},"rotation":{"x":0.48827657103538515,"y":-0.3989979922771454,"z":0.2673812508583069,"w":0.7286264300346375},"size":2.2578837871551515,"orthographic":false}